,precision,recall,f1-score,support
0,0.9559322033898305,0.7560321715817694,0.844311377245509,373.0
1,0.38926174496644295,0.8169014084507042,0.5272727272727272,71.0
accuracy,0.7657657657657657,0.7657657657657657,0.7657657657657657,0.7657657657657657
macro avg,0.6725969741781368,0.7864667900162368,0.6857920522591181,444.0
weighted avg,0.8653159814347392,0.7657657657657657,0.793613755290402,444.0
